INSERT INTO DEPARTMENTS (DEPARTMENT_ID, DEPARTMENT_NAME, LOCATION)
VALUES
(1, 'Cardiology', 'Building A'),
(2, 'Neurology', 'Building B'),
(3, 'Orthopedics', 'Building C'),
(4, 'Radiology', 'Building D'),
(5, 'Endocrinology', 'Building E'),
(6, 'Psychiatry', 'Building F'),
(7, 'Gastroenterology', 'Building G'),
(8, 'Pediatrics', 'Building H'),
(9, 'Dermatology', 'Building I'),
(10, 'Oncology', 'Building J'),
(11, 'Gynecologist', 'Building K'),
(12, 'Ophthalmologists', 'Building L'),
(13, 'Nephrologists', 'Building M'),
(14, 'Urologists', 'Building N'),
(15, 'Pulmonologists', 'Building O'),
(16, 'Anesthesiology', 'Building P'),
(17, 'Hematology', 'Building Q'),
(18, 'Plastic Surgery', 'Building R'),
(19, 'Rheumatology', NULL)
;

INSERT INTO PATIENTS (PATIENT_ID, FIRST_NAME, LAST_NAME, BIRTH_DATE, GENDER, AGE, PHONE_NUMBER, ADDRESS, EMAIL) 
VALUES
(1, 'Amit', 'Valle', DATE '1985-01-15', 'M', 39, '9876543210', '19 Andheri, Mumbai', 'amit.valle@example.com'),
(2, 'Sunita', 'Kumar', DATE '1978-04-22', 'F', 46, '9876543211', '09 Bandra, Mumbai', 'sunita.kumar@example.com'),
(3, 'Rahul', 'Verma', DATE '1992-07-30', 'M', 32, '4376543212', '101 Juhu, Mumbai', 'rahul.verma@example.com'),
(4, 'Priya', 'Pawar', DATE '1990-02-18', 'F', 34, '5436543213', '303 Powai, Mumbai', 'priya.pawar@example.com'),
(5, 'Vijay', 'Sonavane', DATE '1983-11-05', 'M', 40, '9976543214', '123 Colaba, Mumbai', 'vijay.sonavane@example.com'),
(6, 'Anjali', 'Patel', DATE '1988-09-12', 'F', 35, '6543543215', '456 Andheri, Mumbai', 'anjali.patel@example.com'),
(7, 'Ravi', 'Desale', DATE '1980-03-21', 'M', 44, '8878543266', '202 Worli, Mumbai', 'ravi.desale@example.com'),
(8, 'Meena', 'Iyer', DATE '1994-05-19', 'F', 30, '7654543217', '404 Vile Parle, Mumbai', 'meena.iyer@example.com'),
(9, 'Arjun', 'Rao', DATE '2006-08-09', 'M', 18, '7676543218', '505 Borivali, Mumbai', 'arjun.rao@example.com'),
(10, 'Lakshmi', 'Mehatani', DATE '2004-12-03', 'F', 20, '9476543219', '606 Malad, Mumbai', 'lakshmi.mehatani@example.com'),
(11, 'Nikhil', 'Joshi', DATE '1999-07-14', 'M', 25, '8776543220', '707 Chembur, Mumbai', 'nikhil.joshi@example.com'),
(12, 'Pooja', 'Chopra', DATE '1998-01-23', 'F', 26, '4576543221', '808 Navi Mumbai, Mumbai', 'pooja.chopra@example.com'),
(13, 'Suresh', 'Gupta', DATE '1993-11-28', 'M', 31, '9836543222', '1010 Mulund, Mumbai','suresh.gupta@example.com'),
(14, 'Kavita', 'Khan', DATE '1995-03-06', 'F', 29, '9576543223', '186 Ghansoli,Mumbai', 'kavita.khan@example.com'),
(15, 'Rohan', 'Yadav', DATE '1987-05-17', 'M', 37, '7876546224', '1111 Ghatkopar, Mumbai', 'rohan.yadav@example.com'),
(16, 'Swati', 'Shah', DATE '1996-10-10', 'F', 28, '8776543225', '1212 Thane, Mumbai', 'swati.shah@example.com'),
(17, 'Gaurav', 'Mishra', DATE '2004-04-18', 'M', 20, '8776453226', '13 Santa Cruz, Mumbai', 'gaurav.mishra@example.com'),
(18, 'Sneha', 'Bhosle', DATE '1999-09-21', 'F', 25, '8765543227', '65 Koparkherne', 'sneha.bhosle@example.com'),
(19, 'Karan', 'Pandey', DATE '2001-02-14', 'M', 23, '9876543228', '1616 Vashi, Navi Mumbai', 'karan.pandey@example.com'),
(20, 'Ritika', 'Chauhan', DATE '1989-06-27', 'F', 35, '8532943229', '1717 Sion, Mumbai', 'ritika.chauhan@example.com')
;

INSERT INTO HMS_DB.DOCTORS(DOCTOR_ID,FIRST_NAME,LAST_NAME,SPECIALIZATION,SALARY,EMAIL,PHONE_NUMBER,DEPARTMENT_ID,PATIENT_ID) 
VALUES
(100,'Amit','Sharma','Cardiology',150000,'amit.sharma@hospital.com','1234567890',1,3),
(101,'Rajesh', 'Verma', 'Neurology',200000,'rajeshverma@hospital.com','6478945432',2,1),
(102, 'Priya','Iyer', 'Orthopedics',320000,'priya.iyer@hospital.com','1286543925',3,1),
(104, 'Suman' ,'Gupta', 'Endocrinology',202000,'suman.gupta@hospital.com','5432187654',5,12),
(105, 'Anjali',' Desai ', 'Psychiatry',700000, 'anjali.desai@hospital.com','8765432187',6,3),
(106, 'Ravi',' Reddy ', 'Gastroenterology',632876,'ravi.reddy@hospital.com','4321098765',7,3),
(107, 'Pooja',' Menon', 'Pediatrics', 805372,'pooja.menon@hospital.com','6548764321',8,11),
(108, 'Arun','Joshi', 'Dermatology', 906543, 'arun.joshi@hospital.com','7654387654',9,20),
(109, 'Meera','Nair', 'Oncology',109432,'meera.nair@hospital.com','7654387654',10,10),
(110, 'Deepak','Mehta', 'Gynecologist', 110976,'deepak.mehta@hospital.com','3456789345',11,11),
(111, 'Sunita','Rao', 'Ophthalmologists', 127654, 'sunita.rao@hospital.com','4098765432',12,11),
(112, 'Nitin','Kapoor', 'Nephrologists',503217,'nitin.kapoor@hospital.com','4238765432',13,19),
(113, 'Aarti','Singh', 'Urologists', 145467,'aarti.singh@hospital.com','2387654398',14,12),
(114, 'Rakesh','Bhatia', 'Pulmonologists', 354564,'rakesh.bhatia@hospital.com','4376543218',15,18),
(115, 'Neha','Chaudhary ', 'Anesthesiology', 864325,'neha.chaudhary@hospital.com','7896543219',16,8),
(116, 'Vikram','Khanna', 'Hematology', 673456,'vikram.khanna@hospital.com','5462345678',17,13),
(117, 'Sneha','Sinha', 'Hematology', 309765,'sneha.sinha@hospital.com','3215437654',17,2),
(118, 'Suresh','Pandey', 'GynecologIst', 915499,'suresh.pandey@hospital.com','3456789322',11,8),
(119, 'Kavita','Mishra ', 'Plastic Surgery',565420,'kavita.mishra@hospital.com','2765432198',18,4),
(120, 'Ajay','Kulkarni ', 'Cardiology',456785,'ajay.kulkarni@hospital.com','5432176543',1,5),
(121, 'Preeti','Shetty', 'Orthopedics',654326,'preeti.shetty@hospital.com','7652176543',3,2),
(122,'Manoj','Saxena ','Psychiatry',876543,'manoj.saxena@hospital.com','4678975432',6,16),
(123,'Swati','Ghosh','Radiology',876543,'swati.ghosh@hospital.com','4678975432',4,19),
(124,'Maya','Suryavanshi','Rheumatology',999432, ,'9865387654',19,20)
;


INSERT INTO APPOINTMENTS (APPOINTMENT_ID, PATIENT_ID, DOCTOR_ID, APPOINTMENT_DATE, TIME)
VALUES
(200, 1, 108, TO_DATE('2024-02-01', 'YYYY-MM-DD'), '10:00 AM'),
(201, 2, 108, TO_DATE('2024-02-02', 'YYYY-MM-DD'), '11:00 AM'),
(202, 13, 102, TO_DATE('2024-02-03', 'YYYY-MM-DD'), '02:00 PM'),
(203, 3, 100, TO_DATE('2024-02-04', 'YYYY-MM-DD'), '03:30 PM'),
(204, 5, 100, TO_DATE('2024-02-05', 'YYYY-MM-DD'), '01:00 PM'),
(205, 4, 112, TO_DATE('2024-02-06', 'YYYY-MM-DD'), '09:00 AM'),
(206, 4, 112, TO_DATE('2024-02-07', 'YYYY-MM-DD'), '10:00 PM'),
(207, 12, 113, TO_DATE('2024-02-08', 'YYYY-MM-DD'), '04:00 PM'),
(208, 9, 104, TO_DATE('2024-02-09', 'YYYY-MM-DD'), '11:30 AM'),
(209, 11, 119, TO_DATE('2024-02-10', 'YYYY-MM-DD'), '02:30 PM'),
(210, 6, 101 , TO_DATE('2024-02-11', 'YYYY-MM-DD'), '10:30 AM'),
(211, 2, 108, TO_DATE('2024-02-12', 'YYYY-MM-DD'), '09:30 AM'),
(212, 3, 100, TO_DATE('2024-02-12', 'YYYY-MM-DD'), '08:00 AM'),
(213, 7, 121, TO_DATE('2024-02-14', 'YYYY-MM-DD'), '03:00 PM'),
(214, 15, 117, TO_DATE('2024-02-15', 'YYYY-MM-DD'), '12:30 PM'),
(215, 10, 114, TO_DATE('2024-02-16', 'YYYY-MM-DD'), '02:00 PM'),
(216, 11, 119, TO_DATE('2024-02-17', 'YYYY-MM-DD'), '10:00 AM'),
(217, 11, 119, TO_DATE('2024-02-18', 'YYYY-MM-DD'), '01:30 PM'),
(218, 11, 119, TO_DATE('2024-02-19', 'YYYY-MM-DD'), '11:00 AM'),
(219, 8, 105, TO_DATE('2024-02-20', 'YYYY-MM-DD'), '09:00 AM'),
(220, 12, 113, TO_DATE('2024-02-21', 'YYYY-MM-DD'), '03:00 PM'),
(221, 18, 123, TO_DATE('2024-02-22', 'YYYY-MM-DD'), '12:30 PM'),
(222, 17, 113, TO_DATE('2024-02-23', 'YYYY-MM-DD'), '02:00 PM'),
(223, 5, 100, TO_DATE('2024-02-24', 'YYYY-MM-DD'), '10:00 AM'),
(224, 1, 108, TO_DATE('2024-02-25', 'YYYY-MM-DD'), '01:30 PM'),
(225, 3, 100, TO_DATE('2024-02-26', 'YYYY-MM-DD'), '11:00 AM'),
(226, 9, 104, TO_DATE('2024-02-27', 'YYYY-MM-DD'), '09:00 AM'),
(227, 20, 117, TO_DATE('2024-02-28', 'YYYY-MM-DD'), '12:30 PM'),
(228, 13, 102, TO_DATE('2024-02-29', 'YYYY-MM-DD'), '02:00 PM'),
(229, 15, 117, TO_DATE('2024-03-01', 'YYYY-MM-DD'), '10:00 AM'),
(230, 7, 121, TO_DATE('2024-03-01', 'YYYY-MM-DD'), '01:30 PM'),
(231, 8, 105, TO_DATE('2024-03-02', 'YYYY-MM-DD'), '11:00 AM'),
(232, 3, 100, TO_DATE('2024-03-03', 'YYYY-MM-DD'), '09:00 AM'),
(233, 6, 101, TO_DATE('2024-03-04', 'YYYY-MM-DD'), '11:00 AM'),
(234, 6, 101, TO_DATE('2024-03-05', 'YYYY-MM-DD'), '2:00 PM'),
(235, 9, 104, TO_DATE('2024-03-06', 'YYYY-MM-DD'), '01:30 PM'),
(236, 17, 113, TO_DATE('2024-03-07', 'YYYY-MM-DD'), '10:00 AM'),
(237, 18, 123 , TO_DATE('2024-03-08', 'YYYY-MM-DD'), '01:00 PM'),
(238, 14, 120, TO_DATE('2024-03-09', 'YYYY-MM-DD'), '11:00 AM'),
(239, 10, 114, TO_DATE('2024-03-09', 'YYYY-MM-DD'), '01:00 PM')
;

INSERT INTO BILLS (BILL_ID, PATIENT_ID, AMOUNT, BILL_DATE, PAYMENT_STATUS) 
VALUES 
(1, 1, 1500, TO_DATE('2024-02-01', 'YYYY-MM-DD'), 'Paid'),
(2, 2, 2000, TO_DATE('2024-02-02', 'YYYY-MM-DD'), 'Pending'),
(3, 13, 1750, TO_DATE('2024-02-03', 'YYYY-MM-DD'), 'Paid'),
(4, 3, 2200, TO_DATE('2024-02-04', 'YYYY-MM-DD'), 'Pending'),
(5, 5, 3000, TO_DATE('2024-02-05', 'YYYY-MM-DD'), 'Paid'),
(6, 4, 2500, TO_DATE('2024-02-06', 'YYYY-MM-DD'), 'Paid'),
(7, 4, 1800, TO_DATE('2024-02-07', 'YYYY-MM-DD'), 'Pending'),
(8, 12, 2750, TO_DATE('2024-02-08', 'YYYY-MM-DD'), 'Paid'),
(9, 9, 1950, TO_DATE('2024-02-09', 'YYYY-MM-DD'), 'Paid'),
(10,11, 2400, TO_DATE('2024-02-10', 'YYYY-MM-DD'), 'Pending'),
(11, 6, 2600, TO_DATE('2024-02-11', 'YYYY-MM-DD'), 'Paid'),
(12, 2, 2300, TO_DATE('2024-02-12', 'YYYY-MM-DD'), 'Pending'),
(13, 3, 3200, TO_DATE('2024-02-13', 'YYYY-MM-DD'), 'Paid'),
(14, 7, 2900, TO_DATE('2024-02-14', 'YYYY-MM-DD'), 'Paid'),
(15, 15, 2100, TO_DATE('2024-02-15', 'YYYY-MM-DD'), 'Pending'),
(16, 10, 3050, TO_DATE('2024-02-16', 'YYYY-MM-DD'), 'Paid'),
(17, 11, 2700, TO_DATE('2024-02-17', 'YYYY-MM-DD'), 'Paid'),
(18, 11, 1850, TO_DATE('2024-02-18', 'YYYY-MM-DD'), 'Pending'),
(19, 11, 2150, TO_DATE('2024-02-19', 'YYYY-MM-DD'), 'Paid'),
(20, 8, 2800, TO_DATE('2024-02-20', 'YYYY-MM-DD'), 'Pending'),
(21, 12, 2100, TO_DATE('2024-02-21', 'YYYY-MM-DD'), 'Pending'),
(22, 18, 3050, TO_DATE('2024-02-22', 'YYYY-MM-DD'), 'Paid'),
(23, 17, 2700, TO_DATE('2024-02-23', 'YYYY-MM-DD'), 'Paid'),
(24, 5, 1850, TO_DATE('2024-02-24', 'YYYY-MM-DD'), 'Pending'),
(25, 1, 2150, TO_DATE('2024-02-25', 'YYYY-MM-DD'), 'Pending'),
(26, 3, 2800, TO_DATE('2024-02-26', 'YYYY-MM-DD'), 'Pending'),
(27, 9, 2100, TO_DATE('2024-02-27', 'YYYY-MM-DD'), 'Pending'),
(28, 20, 3050, TO_DATE('2024-02-28', 'YYYY-MM-DD'), 'Paid'),
(29, 13, 2700, TO_DATE('2024-02-29', 'YYYY-MM-DD'), 'Paid'),
(30, 15, 1850, TO_DATE('2024-03-01', 'YYYY-MM-DD'), 'Pending'),
(31, 7, 2150, TO_DATE('2024-03-01', 'YYYY-MM-DD'), 'Paid'),
(32, 8, 2800, TO_DATE('2024-03-02', 'YYYY-MM-DD'), 'Pending'),
(33, 3, 1800, TO_DATE('2024-03-03', 'YYYY-MM-DD'), 'Pending'),
(34, 6, 2050, TO_DATE('2024-03-04', 'YYYY-MM-DD'), 'Pending'),
(35, 6, 3100, TO_DATE('2024-03-05', 'YYYY-MM-DD'), 'Paid'),
(36, 9,1900, TO_DATE('2024-03-06', 'YYYY-MM-DD'), 'Pending'),
(37, 17, 1250, TO_DATE('2024-03-07', 'YYYY-MM-DD'), 'Paid'),
(38, 18, 2805, TO_DATE('2024-03-08', 'YYYY-MM-DD'), 'Paid'),
(39, 14, 1250, TO_DATE('2024-03-09', 'YYYY-MM-DD'), 'Paid'),
(40, 10, 2805, TO_DATE('2024-03-09', 'YYYY-MM-DD'), 'Pending')
;

INSERT INTO ROOMS (ROOM_ID, ROOM_NUMBER, PATIENT_ID, ROOM_TYPE, AVAILABLE)
VALUES
(1, '101A',1, 'Single', 'Yes'),
(2, '102B',3 ,'Double', 'No'),
(3, '103C',3, 'Single', 'Yes'),
(4, '104D',2, 'Triple', 'Yes'),
(5, '105E',8, 'ICU', 'No'),
(6, '106F',4, 'Single', 'Yes'),
(7, '107G',9,'Triple', 'No'),
(8, '108H',11 ,'ICU', 'Yes'),
(9, '109I',8, 'Single', 'No'),
(10, '110J',18, 'Double', 'Yes'),
(11, '111K', 12,'Double', 'No'),
(12, '112L', 11,'ICU','No'),
(13, '113M',11, 'Single','Yes'),
(14, '114N', 10,'Double', 'Yes'),
(15, '115O',13, 'ICU','Yes'),
(16, '116P',20, 'Single', 'No'),
(17, '117Q',19, 'Triple', 'Yes'),
(18, '118R',12, 'ICU','No')
;
